,Type,mapping_id
17,BOND,0
19,BOND,1
20,BOND,2
56,BOND,3
85,BOND,4
114,BOND,5
135,BOND,6
136,BOND,7
137,BOND,8
138,BOND,9
161,BOND,10
162,BOND,11
190,BOND,12
202,BOND,13
219,BOND,14
221,BOND,15
224,BOND,16
235,BOND,17
308,BOND,18
309,BOND,19
310,BOND,20
311,BOND,21
328,BOND,22
329,BOND,23
330,BOND,24
366,BOND,25
400,BOND,26
415,BOND,27
425,BOND,28
427,BOND,29
458,BOND,30
486,BOND,31
517,BOND,32
518,BOND,33
519,BOND,34
520,BOND,35
521,BOND,36
528,BOND,37
558,BOND,38
594,BOND,39
595,BOND,40
596,BOND,41
597,BOND,42
598,BOND,43
676,BOND,44
684,BOND,45
776,BOND,46
805,BOND,47
892,BOND,48
893,BOND,49
894,BOND,50
908,BOND,51
950,BOND,52
960,BOND,53
1021,BOND,54
1163,BOND,55
1196,BOND,56
1316,BOND,57
1359,BOND,58
1525,CDS_BASKET_ZC,59
1539,CDS_BASKET_ZC,60
1544,CDS_BASKET_ZC,61
1556,CDS_BASKET_ZC,62
1579,CDS_BASKET_ZC,63
1594,CDS_BASKET_ZC,64
1603,CDS_BASKET_ZC,65
1609,CDS_BASKET_ZC,66
1614,CDS_BASKET_ZC,67
1623,CDS_BASKET_ZC,68
1626,CDS_BASKET_ZC,69
1631,CDS_BASKET_ZC,70
1655,CDS_BASKET_ZC,71
1658,CDS_BASKET_ZC,72
1663,CDS_BASKET_ZC,73
1666,CDS_BASKET_ZC,74
1669,CDS_BASKET_ZC,75
1672,CDS_BASKET_ZC,76
1677,CDS_BASKET_ZC,77
1682,CDS_BASKET_ZC,78
1688,CDS_BASKET_ZC,79
1691,CDS_BASKET_ZC,80
1694,CDS_BASKET_ZC,81
1697,CDS_BASKET_ZC,82
1703,CDS_BASKET_ZC,83
1709,CDS_BASKET_ZC,84
1715,CDS_BASKET_ZC,85
1719,CDS_BASKET_ZC,86
1723,CDS_BASKET_ZC,87
1726,CDS_BASKET_ZC,88
1729,CDS_BASKET_ZC,89
1732,CDS_BASKET_ZC,90
1735,CDS_BASKET_ZC,91
1738,CDS_BASKET_ZC,92
1741,CDS_BASKET_ZC,93
1744,CDS_BASKET_ZC,94
1747,CDS_BASKET_ZC,95
1754,CDS_BASKET_ZC,96
1757,CDS_BASKET_ZC,97
1760,CDS_BASKET_ZC,98
1763,CDS_BASKET_ZC,99
1766,CDS_BASKET_ZC,100
1769,CDS_BASKET_ZC,101
1772,CDS_BASKET_ZC,102
1775,CDS_BASKET_ZC,103
1778,CDS_BASKET_ZC,104
1781,CDS_BASKET_ZC,105
1784,CDS_BASKET_ZC,106
1787,CDS_BASKET_ZC,107
1790,CDS_BASKET_ZC,108
1793,CDS_BASKET_ZC,109
1796,CDS_BASKET_ZC,110
1806,CDS_BASKET_ZC,111
1811,CDS_BASKET_ZC,112
1817,CDS_BASKET_ZC,113
1822,CDS_BASKET_ZC,114
1832,CDS_BASKET_ZC,115
1852,CDS_BASKET_ZC,116
1857,CDS_BASKET_ZC,117
1862,CDS_BASKET_ZC,118
1865,CDS_BASKET_ZC,119
1870,CDS_BASKET_ZC,120
1874,CDS_BASKET_ZC,121
1880,CDS_BASKET_ZC,122
1885,CDS_BASKET_ZC,123
1896,CDS_BASKET_ZC,124
1902,CDS_BASKET_ZC,125
1904,CDS_BASKET_ZC,126
1907,CDS_BASKET_ZC,127
1910,CDS_BASKET_ZC,128
1913,CDS_BASKET_ZC,129
1916,CDS_BASKET_ZC,130
1919,CDS_BASKET_ZC,131
1922,CDS_BASKET_ZC,132
1925,CDS_BASKET_ZC,133
1930,CDS_BASKET_ZC,134
1933,CDS_BASKET_ZC,135
1936,CDS_BASKET_ZC,136
1939,CDS_BASKET_ZC,137
1944,CDS_BASKET_ZC,138
1948,CDS_BASKET_ZC,139
1951,CDS_BASKET_ZC,140
1963,CDS_BASKET_ZC,141
1969,CDS_BASKET_ZC,142
1987,CDS_BASKET_ZC,143
1997,CDS_BASKET_ZC,144
2018,CDS_BASKET_ZC,145
2023,CDS_BASKET_ZC,146
2046,CDS_BASKET_ZC,147
2051,CDS_BASKET_ZC,148
2059,CDS_BASKET_ZC,149
2064,CDS_BASKET_ZC,150
2091,CDS_BASKET_ZC,151
2119,CDS_BASKET_ZC,152
2125,CDS_BASKET_ZC,153
2130,CDS_BASKET_ZC,154
2148,CDS_BASKET_ZC,155
2153,CDS_BASKET_ZC,156
2158,CDS_BASKET_ZC,157
2161,CDS_BASKET_ZC,158
2165,CDS_BASKET_ZC,159
2231,CDS_BASKET_ZC,160
2236,CDS_BASKET_ZC,161
2239,CDS_BASKET_ZC,162
2255,CDS_BASKET_ZC,163
2278,CDS_BASKET_ZC,164
2283,CDS_BASKET_ZC,165
2288,CDS_BASKET_ZC,166
2297,CDS_BASKET_ZC,167
2310,CDS_BASKET_ZC,168
2314,CDS_BASKET_ZC,169
2319,CDS_BASKET_ZC,170
2322,CDS_BASKET_ZC,171
2325,CDS_BASKET_ZC,172
2328,CDS_BASKET_ZC,173
2331,CDS_BASKET_ZC,174
2334,CDS_BASKET_ZC,175
2337,CDS_BASKET_ZC,176
2340,CDS_BASKET_ZC,177
2343,CDS_BASKET_ZC,178
2347,CDS_BASKET_ZC,179
2350,CDS_BASKET_ZC,180
2353,CDS_BASKET_ZC,181
2356,CDS_BASKET_ZC,182
2359,CDS_BASKET_ZC,183
2362,CDS_BASKET_ZC,184
2365,CDS_BASKET_ZC,185
2394,CDS_BASKET_ZC,186
2406,CDS_BASKET_ZC,187
2413,CDS_BASKET_ZC,188
2418,CDS_BASKET_ZC,189
2424,CDS_BASKET_ZC,190
2430,CDS_BASKET_ZC,191
2436,CDS_BASKET_ZC,192
2444,CDS_BASKET_ZC,193
2451,CDS_BASKET_ZC,194
2461,CDS_BASKET_ZC,195
2464,CDS_BASKET_ZC,196
2469,CDS_BASKET_ZC,197
2483,CDS_BASKET_ZC,198
2489,CDS_BASKET_ZC,199
2494,CDS_BASKET_ZC,200
2497,CDS_BASKET_ZC,201
2502,CDS_BASKET_ZC,202
2505,CDS_BASKET_ZC,203
2508,CDS_BASKET_ZC,204
2511,CDS_BASKET_ZC,205
2514,CDS_BASKET_ZC,206
2517,CDS_BASKET_ZC,207
2520,CDS_BASKET_ZC,208
2523,CDS_BASKET_ZC,209
2527,CDS_BASKET_ZC,210
2533,CDS_BASKET_ZC,211
2539,CDS_BASKET_ZC,212
2544,CDS_BASKET_ZC,213
2549,CDS_BASKET_ZC,214
2555,CDS_BASKET_ZC,215
2561,CDS_BASKET_ZC,216
2567,CDS_BASKET_ZC,217
2573,CDS_BASKET_ZC,218
2578,CDS_BASKET_ZC,219
2584,CDS_BASKET_ZC,220
2590,CDS_BASKET_ZC,221
2601,CDS_BASKET_ZC,222
2610,CDS_BASKET_ZC,223
2613,CDS_BASKET_ZC,224
2617,CDS_BASKET_ZC,225
2620,CDS_BASKET_ZC,226
2625,CDS_BASKET_ZC,227
2628,CDS_BASKET_ZC,228
2632,CDS_BASKET_ZC,229
2640,CDS_BASKET_ZC,230
2661,CDS_BASKET_ZC,231
2666,CDS_BASKET_ZC,232
2685,CDS_BASKET_ZC,233
2693,CDS_BASKET_ZC,234
2698,CDS_BASKET_ZC,235
2701,CDS_BASKET_ZC,236
2704,CDS_BASKET_ZC,237
2707,CDS_BASKET_ZC,238
2708,CDS_BASKET_ZC,239
2711,CDS_BASKET_ZC,240
2714,CDS_BASKET_ZC,241
2718,CDS_BASKET_ZC,242
2723,CDS_BASKET_ZC,243
2726,CDS_BASKET_ZC,244
2730,CDS_BASKET_ZC,245
2734,CDS_BASKET_ZC,246
2738,CDS_BASKET_ZC,247
2741,CDS_BASKET_ZC,248
2744,CDS_BASKET_ZC,249
2747,CDS_BASKET_ZC,250
2750,CDS_BASKET_ZC,251
2753,CDS_BASKET_ZC,252
2756,CDS_BASKET_ZC,253
2759,CDS_BASKET_ZC,254
2791,CDS_BASKET_ZC,255
2803,CDS_BASKET_ZC,256
2809,CDS_BASKET_ZC,257
2811,CDS_BASKET_ZC,258
2814,CDS_BASKET_ZC,259
2817,CDS_BASKET_ZC,260
2820,CDS_BASKET_ZC,261
2823,CDS_BASKET_ZC,262
2826,CDS_BASKET_ZC,263
2829,CDS_BASKET_ZC,264
2834,CDS_BASKET_ZC,265
2835,CDS_BASKET_ZC,266
2838,CDS_BASKET_ZC,267
2839,CDS_BASKET_ZC,268
2842,CDS_BASKET_ZC,269
2845,CDS_BASKET_ZC,270
2848,CDS_BASKET_ZC,271
2852,CDS_BASKET_ZC,272
2855,CDS_BASKET_ZC,273
2858,CDS_BASKET_ZC,274
2860,CDS_BASKET_ZC,275
2863,CDS_BASKET_ZC,276
2866,CDS_BASKET_ZC,277
2869,CDS_BASKET_ZC,278
2872,CDS_BASKET_ZC,279
2875,CDS_BASKET_ZC,280
2878,CDS_BASKET_ZC,281
2881,CDS_BASKET_ZC,282
2884,CDS_BASKET_ZC,283
2886,CDS_BASKET_ZC,284
2912,CDS_BASKET_ZC,285
2915,CDS_BASKET_ZC,286
2918,CDS_BASKET_ZC,287
2921,CDS_BASKET_ZC,288
2924,CDS_BASKET_ZC,289
2927,CDS_BASKET_ZC,290
2930,CDS_BASKET_ZC,291
2965,CDS_BASKET_ZC,292
2968,CDS_BASKET_ZC,293
2971,CDS_BASKET_ZC,294
2974,CDS_BASKET_ZC,295
2977,CDS_BASKET_ZC,296
2980,CDS_BASKET_ZC,297
2983,CDS_BASKET_ZC,298
2994,CDS_BASKET_ZC,299
3021,CDS_BASKET_ZC,300
3036,CDS_BASKET_ZC,301
3049,CDS_BASKET_ZC,302
3057,CDS_BASKET_ZC,303
3063,CDS_BASKET_ZC,304
3073,CDS_BASKET_ZC,305
3079,CDS_BASKET_ZC,306
3086,CDS_BASKET_ZC,307
3092,CDS_BASKET_ZC,308
3098,CDS_BASKET_ZC,309
3103,CDS_BASKET_ZC,310
3122,CDS_BASKET_ZC,311
3124,CDS_BASKET_ZC,312
3125,CDS_BASKET_ZC,313
3126,CDS_BASKET_ZC,314
3128,CDS_BASKET_ZC,315
3130,CDS_BASKET_ZC,316
3134,CDS_BASKET_ZC,317
3139,CDS_BASKET_ZC,318
3144,CDS_BASKET_ZC,319
3151,CDS_BASKET_ZC,320
3156,CDS_BASKET_ZC,321
3161,CDS_BASKET_ZC,322
3173,CDS_BASKET_ZC,323
3176,CDS_BASKET_ZC,324
3179,CDS_BASKET_ZC,325
3182,CDS_BASKET_ZC,326
3185,CDS_BASKET_ZC,327
3188,CDS_BASKET_ZC,328
3191,CDS_BASKET_ZC,329
3196,CDS_BASKET_ZC,330
3199,CDS_BASKET_ZC,331
3202,CDS_BASKET_ZC,332
3207,CDS_BASKET_ZC,333
3210,CDS_BASKET_ZC,334
3213,CDS_BASKET_ZC,335
3216,CDS_BASKET_ZC,336
3219,CDS_BASKET_ZC,337
3222,CDS_BASKET_ZC,338
3235,CDS_BASKET_ZC,339
3240,CDS_BASKET_ZC,340
3248,CDS_BASKET_ZC,341
3255,CDS_BASKET_ZC,342
3260,CDS_BASKET_ZC,343
3265,CDS_BASKET_ZC,344
3271,CDS_BASKET_ZC,345
3274,CDS_BASKET_ZC,346
3276,CDS_BASKET_ZC,347
3279,CDS_BASKET_ZC,348
3283,CDS_BASKET_ZC,349
3304,CDS_BASKET_ZC,350
3310,CDS_BASKET_ZC,351
3316,CDS_BASKET_ZC,352
3322,CDS_BASKET_ZC,353
3327,CDS_BASKET_ZC,354
3349,CDS_BASKET_ZC,355
3380,CDS_BASKET_ZC,356
3387,CDS_BASKET_ZC,357
3397,CDS_BASKET_ZC,358
3403,CDS_BASKET_ZC,359
3410,CDS_BASKET_ZC,360
3422,CDS_BASKET_ZC,361
3427,CDS_BASKET_ZC,362
3432,CDS_BASKET_ZC,363
3435,CDS_BASKET_ZC,364
3451,CDS_BASKET_ZC,365
3461,CDS_BASKET_ZC,366
3467,CDS_BASKET_ZC,367
3473,CDS_BASKET_ZC,368
3478,CDS_BASKET_ZC,369
3483,CDS_BASKET_ZC,370
3485,CDS_BASKET_ZC,371
3488,CDS_BASKET_ZC,372
3491,CDS_BASKET_ZC,373
3495,CDS_BASKET_ZC,374
3498,CDS_BASKET_ZC,375
3501,CDS_BASKET_ZC,376
3504,CDS_BASKET_ZC,377
3507,CDS_BASKET_ZC,378
3514,CDS_BASKET_ZC,379
3525,CDS_BASKET_ZC,380
3531,CDS_BASKET_ZC,381
3537,CDS_BASKET_ZC,382
3543,CDS_BASKET_ZC,383
3549,CDS_BASKET_ZC,384
3552,CDS_BASKET_ZC,385
3554,CDS_BASKET_ZC,386
3556,CDS_BASKET_ZC,387
3558,CDS_BASKET_ZC,388
3560,CDS_BASKET_ZC,389
3561,CDS_BASKET_ZC,390
3564,CDS_BASKET_ZC,391
3584,CDS_BASKET_ZC,392
3591,CDS_BASKET_ZC,393
3594,CDS_BASKET_ZC,394
3597,CDS_BASKET_ZC,395
3601,CDS_BASKET_ZC,396
3616,CDS_BASKET_ZC,397
3621,CDS_BASKET_ZC,398
3626,CDS_BASKET_ZC,399
3631,CDS_BASKET_ZC,400
3636,CDS_BASKET_ZC,401
3645,CDS_BASKET_ZC,402
3677,CDS_BASKET_ZC,403
3694,CDS_BASKET_ZC,404
3699,CDS_BASKET_ZC,405
3704,CDS_BASKET_ZC,406
3709,CDS_BASKET_ZC,407
3714,CDS_BASKET_ZC,408
3717,CDS_BASKET_ZC,409
3720,CDS_BASKET_ZC,410
3725,CDS_BASKET_ZC,411
3728,CDS_BASKET_ZC,412
3731,CDS_BASKET_ZC,413
3736,CDS_BASKET_ZC,414
3739,CDS_BASKET_ZC,415
3745,CDS_BASKET_ZC,416
3748,CDS_BASKET_ZC,417
3751,CDS_BASKET_ZC,418
3754,CDS_BASKET_ZC,419
3757,CDS_BASKET_ZC,420
3760,CDS_BASKET_ZC,421
3763,CDS_BASKET_ZC,422
3766,CDS_BASKET_ZC,423
3774,CDS_BASKET_ZC,424
3781,CDS_BASKET_ZC,425
3787,CDS_BASKET_ZC,426
3792,CDS_BASKET_ZC,427
3800,CDS_BASKET_ZC,428
3806,CDS_BASKET_ZC,429
3817,CDS_BASKET_ZC,430
3823,CDS_BASKET_ZC,431
3828,CDS_BASKET_ZC,432
3834,CDS_BASKET_ZC,433
3840,CDS_BASKET_ZC,434
3846,CDS_BASKET_ZC,435
3854,CDS_BASKET_ZC,436
3860,CDS_BASKET_ZC,437
3866,CDS_BASKET_ZC,438
3877,CDS_BASKET_ZC,439
3882,CDS_BASKET_ZC,440
3885,CDS_BASKET_ZC,441
3888,CDS_BASKET_ZC,442
3893,CDS_BASKET_ZC,443
3901,CDS_BASKET_ZC,444
3908,CDS_BASKET_ZC,445
3914,CDS_BASKET_ZC,446
3919,CDS_BASKET_ZC,447
3924,CDS_BASKET_ZC,448
3925,CDS_BASKET_ZC,449
3927,CDS_BASKET_ZC,450
3929,CDS_BASKET_ZC,451
3930,CDS_BASKET_ZC,452
3934,CDS_BASKET_ZC,453
3939,CDS_BASKET_ZC,454
3944,CDS_BASKET_ZC,455
3947,CDS_BASKET_ZC,456
3950,CDS_BASKET_ZC,457
3953,CDS_BASKET_ZC,458
4007,CDS_BASKET_ZC,459
4015,CDS_BASKET_ZC,460
4021,CDS_BASKET_ZC,461
4027,CDS_BASKET_ZC,462
4032,CDS_BASKET_ZC,463
4035,CDS_BASKET_ZC,464
4038,CDS_BASKET_ZC,465
4041,CDS_BASKET_ZC,466
4044,CDS_BASKET_ZC,467
4047,CDS_BASKET_ZC,468
4050,CDS_BASKET_ZC,469
4053,CDS_BASKET_ZC,470
4056,CDS_BASKET_ZC,471
4060,CDS_BASKET_ZC,472
4063,CDS_BASKET_ZC,473
4066,CDS_BASKET_ZC,474
4069,CDS_BASKET_ZC,475
4072,CDS_BASKET_ZC,476
4075,CDS_BASKET_ZC,477
4078,CDS_BASKET_ZC,478
4081,CDS_BASKET_ZC,479
4082,CDS_BASKET_ZC,480
4088,CDS_BASKET_ZC,481
4090,CDS_BASKET_ZC,482
4095,CDS_BASKET_ZC,483
4098,CDS_BASKET_ZC,484
4099,CDS_BASKET_ZC,485
4100,CDS_BASKET_ZC,486
4102,CDS_BASKET_ZC,487
4104,CDS_BASKET_ZC,488
4106,CDS_BASKET_ZC,489
4116,CDS_BASKET_ZC,490
4119,CDS_BASKET_ZC,491
4124,CDS_BASKET_ZC,492
4129,CDS_BASKET_ZC,493
4132,CDS_BASKET_ZC,494
4137,CDS_BASKET_ZC,495
4142,CDS_BASKET_ZC,496
4145,CDS_BASKET_ZC,497
4148,CDS_BASKET_ZC,498
4151,CDS_BASKET_ZC,499
4154,CDS_BASKET_ZC,500
4157,CDS_BASKET_ZC,501
4160,CDS_BASKET_ZC,502
4163,CDS_BASKET_ZC,503
4186,CDS_BASKET_ZC,504
4194,CDS_BASKET_ZC,505
4196,CDS_BASKET_ZC,506
4198,CDS_BASKET_ZC,507
4208,CDS_BASKET_ZC,508
4213,CDS_BASKET_ZC,509
4236,CDS_BASKET_ZC,510
4254,CDS_BASKET_ZC,511
4260,CDS_BASKET_ZC,512
4266,CDS_BASKET_ZC,513
4272,CDS_BASKET_ZC,514
4278,CDS_BASKET_ZC,515
4284,CDS_BASKET_ZC,516
4290,CDS_BASKET_ZC,517
4295,CDS_BASKET_ZC,518
4307,CDS_BASKET_ZC,519
4312,CDS_BASKET_ZC,520
4317,CDS_BASKET_ZC,521
4322,CDS_BASKET_ZC,522
4328,CDS_BASKET_ZC,523
4333,CDS_BASKET_ZC,524
4338,CDS_BASKET_ZC,525
4341,CDS_BASKET_ZC,526
4344,CDS_BASKET_ZC,527
4347,CDS_BASKET_ZC,528
4350,CDS_BASKET_ZC,529
4353,CDS_BASKET_ZC,530
4356,CDS_BASKET_ZC,531
4359,CDS_BASKET_ZC,532
4362,CDS_BASKET_ZC,533
4365,CDS_BASKET_ZC,534
4368,CDS_BASKET_ZC,535
4371,CDS_BASKET_ZC,536
4374,CDS_BASKET_ZC,537
4377,CDS_BASKET_ZC,538
4380,CDS_BASKET_ZC,539
4383,CDS_BASKET_ZC,540
4386,CDS_BASKET_ZC,541
4389,CDS_BASKET_ZC,542
4392,CDS_BASKET_ZC,543
4395,CDS_BASKET_ZC,544
4398,CDS_BASKET_ZC,545
4403,CDS_BASKET_ZC,546
4407,CDS_BASKET_ZC,547
4410,CDS_BASKET_ZC,548
4428,CDS_BASKET_ZC,549
4431,CDS_BASKET_ZC,550
4435,CDS_BASKET_ZC,551
4438,CDS_BASKET_ZC,552
4441,CDS_BASKET_ZC,553
4446,CDS_BASKET_ZC,554
4449,CDS_BASKET_ZC,555
4452,CDS_BASKET_ZC,556
4455,CDS_BASKET_ZC,557
4458,CDS_BASKET_ZC,558
4461,CDS_BASKET_ZC,559
4464,CDS_BASKET_ZC,560
4467,CDS_BASKET_ZC,561
4470,CDS_BASKET_ZC,562
4473,CDS_BASKET_ZC,563
4503,CDS_BASKET_ZC,564
4516,CDS_BASKET_ZC,565
4521,CDS_BASKET_ZC,566
4527,CDS_BASKET_ZC,567
4533,CDS_BASKET_ZC,568
4539,CDS_BASKET_ZC,569
4545,CDS_BASKET_ZC,570
4551,CDS_BASKET_ZC,571
4557,CDS_BASKET_ZC,572
4562,CDS_BASKET_ZC,573
4566,CDS_BASKET_ZC,574
4568,CDS_BASKET_ZC,575
4570,CDS_BASKET_ZC,576
4578,CDS_BASKET_ZC,577
4581,CDS_BASKET_ZC,578
4588,CDS_BASKET_ZC,579
4593,CDS_BASKET_ZC,580
4598,CDS_BASKET_ZC,581
4601,CDS_BASKET_ZC,582
4603,CDS_BASKET_ZC,583
4605,CDS_BASKET_ZC,584
4609,CDS_BASKET_ZC,585
4626,CDS_BASKET_ZC,586
4633,CDS_BASKET_ZC,587
4638,CDS_BASKET_ZC,588
4644,CDS_BASKET_ZC,589
4650,CDS_BASKET_ZC,590
4654,CDS_BASKET_ZC,591
4660,CDS_BASKET_ZC,592
4666,CDS_BASKET_ZC,593
4672,CDS_BASKET_ZC,594
4678,CDS_BASKET_ZC,595
4691,CDS_BASKET_ZC,596
4701,CDS_BASKET_ZC,597
4713,CDS_BASKET_ZC,598
4717,CDS_BASKET_ZC,599
4759,CDS_BASKET_ZC,600
4765,CDS_BASKET_ZC,601
4768,CDS_BASKET_ZC,602
4771,CDS_BASKET_ZC,603
4774,CDS_BASKET_ZC,604
4777,CDS_BASKET_ZC,605
4780,CDS_BASKET_ZC,606
4783,CDS_BASKET_ZC,607
4786,CDS_BASKET_ZC,608
4789,CDS_BASKET_ZC,609
4792,CDS_BASKET_ZC,610
4795,CDS_BASKET_ZC,611
4798,CDS_BASKET_ZC,612
4801,CDS_BASKET_ZC,613
4804,CDS_BASKET_ZC,614
4807,CDS_BASKET_ZC,615
4811,CDS_BASKET_ZC,616
4815,CDS_BASKET_ZC,617
4818,CDS_BASKET_ZC,618
4821,CDS_BASKET_ZC,619
4825,CDS_BASKET_ZC,620
4828,CDS_BASKET_ZC,621
4831,CDS_BASKET_ZC,622
4834,CDS_BASKET_ZC,623
4837,CDS_BASKET_ZC,624
4843,CDS_BASKET_ZC,625
4849,CDS_BASKET_ZC,626
4855,CDS_BASKET_ZC,627
4860,CDS_BASKET_ZC,628
4866,CDS_BASKET_ZC,629
4872,CDS_BASKET_ZC,630
4878,CDS_BASKET_ZC,631
4884,CDS_BASKET_ZC,632
4888,CDS_BASKET_ZC,633
4889,CDS_BASKET_ZC,634
4895,CDS_BASKET_ZC,635
4901,CDS_BASKET_ZC,636
4907,CDS_BASKET_ZC,637
4912,CDS_BASKET_ZC,638
4917,CDS_BASKET_ZC,639
4934,CDS_BASKET_ZC,640
4940,CDS_BASKET_ZC,641
4950,CDS_BASKET_ZC,642
4956,CDS_BASKET_ZC,643
4962,CDS_BASKET_ZC,644
4973,CDS_BASKET_ZC,645
4979,CDS_BASKET_ZC,646
4982,CDS_BASKET_ZC,647
4987,CDS_BASKET_ZC,648
4989,CDS_BASKET_ZC,649
4991,CDS_BASKET_ZC,650
5000,CDS_BASKET_ZC,651
5003,CDS_BASKET_ZC,652
5006,CDS_BASKET_ZC,653
5009,CDS_BASKET_ZC,654
5013,CDS_BASKET_ZC,655
5016,CDS_BASKET_ZC,656
5019,CDS_BASKET_ZC,657
5024,CDS_BASKET_ZC,658
5026,CDS_BASKET_ZC,659
5029,CDS_BASKET_ZC,660
5032,CDS_BASKET_ZC,661
5036,CDS_BASKET_ZC,662
5090,CDS_BASKET_ZC,663
5092,CDS_BASKET_ZC,664
5094,CDS_BASKET_ZC,665
5095,CDS_BASKET_ZC,666
5098,CDS_BASKET_ZC,667
5103,CDS_BASKET_ZC,668
5118,CDS_BASKET_ZC,669
5121,CDS_BASKET_ZC,670
5125,CDS_BASKET_ZC,671
5129,CDS_BASKET_ZC,672
5131,CDS_BASKET_ZC,673
5133,CDS_BASKET_ZC,674
5135,CDS_BASKET_ZC,675
5137,CDS_BASKET_ZC,676
5138,CDS_BASKET_ZC,677
5140,CDS_BASKET_ZC,678
5144,CDS_BASKET_ZC,679
5147,CDS_BASKET_ZC,680
5150,CDS_BASKET_ZC,681
5153,CDS_BASKET_ZC,682
5159,CDS_BASKET_ZC,683
5167,CDS_BASKET_ZC,684
5171,CDS_BASKET_ZC,685
5199,CDS_BASKET_ZC,686
5204,CDS_BASKET_ZC,687
5210,CDS_BASKET_ZC,688
5216,CDS_BASKET_ZC,689
5222,CDS_BASKET_ZC,690
5228,CDS_BASKET_ZC,691
5234,CDS_BASKET_ZC,692
5240,CDS_BASKET_ZC,693
5245,CDS_BASKET_ZC,694
5279,CDS_BASKET_ZC,695
5292,CDS_BASKET_ZC,696
5298,CDS_BASKET_ZC,697
5300,CDS_BASKET_ZC,698
5302,CDS_BASKET_ZC,699
5304,CDS_BASKET_ZC,700
5306,CDS_BASKET_ZC,701
5308,CDS_BASKET_ZC,702
5318,CDS_BASKET_ZC,703
5337,CDS_BASKET_ZC,704
5339,CDS_BASKET_ZC,705
5343,CDS_BASKET_ZC,706
5348,CDS_BASKET_ZC,707
5351,CDS_BASKET_ZC,708
5375,CDS_BASKET_ZC,709
5381,CDS_BASKET_ZC,710
5387,CDS_BASKET_ZC,711
5392,CDS_BASKET_ZC,712
5398,CDS_BASKET_ZC,713
5404,CDS_BASKET_ZC,714
5410,CDS_BASKET_ZC,715
5416,CDS_BASKET_ZC,716
5421,CDS_BASKET_ZC,717
5430,CDS_BASKET_ZC,718
5436,CDS_BASKET_ZC,719
5441,CDS_BASKET_ZC,720
5447,CDS_BASKET_ZC,721
5449,CDS_BASKET_ZC,722
5454,CDS_BASKET_ZC,723
5457,CDS_BASKET_ZC,724
5458,CDS_BASKET_ZC,725
5460,CDS_BASKET_ZC,726
5463,CDS_BASKET_ZC,727
5465,CDS_BASKET_ZC,728
5467,CDS_BASKET_ZC,729
5469,CDS_BASKET_ZC,730
5472,CDS_BASKET_ZC,731
5486,CDS_BASKET_ZC,732
5492,CDS_BASKET_ZC,733
156676,COMMO_CURVE_FO,734
156677,COMMO_CURVE_FO,735
156678,COMMO_CURVE_FO,736
156679,COMMO_CURVE_FO,737
156680,COMMO_CURVE_FO,738
156681,COMMO_CURVE_FO,739
156682,COMMO_CURVE_FO,740
156683,COMMO_CURVE_FO,741
156684,COMMO_CURVE_FO,742
156685,COMMO_CURVE_FO,743
156686,COMMO_CURVE_FO,744
156687,COMMO_CURVE_FO,745
156688,COMMO_CURVE_FO,746
156689,COMMO_CURVE_FO,747
156690,COMMO_CURVE_FO,748
156691,COMMO_CURVE_FO,749
156692,COMMO_CURVE_FO,750
156693,COMMO_CURVE_FO,751
156694,COMMO_CURVE_FO,752
156695,COMMO_CURVE_FO,753
156696,COMMO_CURVE_FO,754
156697,COMMO_CURVE_FO,755
156698,COMMO_CURVE_FO,756
156699,COMMO_CURVE_FO,757
156700,COMMO_CURVE_FO,758
156701,COMMO_CURVE_FO,759
156702,COMMO_CURVE_FO,760
156703,COMMO_CURVE_FO,761
156704,COMMO_CURVE_FO,762
156705,COMMO_CURVE_FO,763
156706,COMMO_CURVE_FO,764
156707,COMMO_CURVE_FO,765
156708,COMMO_CURVE_FO,766
156709,COMMO_CURVE_FO,767
156710,COMMO_CURVE_FO,768
156711,COMMO_CURVE_FO,769
156712,COMMO_CURVE_FO,770
156713,COMMO_CURVE_FO,771
156714,COMMO_CURVE_FO,772
156715,COMMO_CURVE_FO,773
156716,COMMO_CURVE_FO,774
156717,COMMO_CURVE_FO,775
156718,COMMO_CURVE_FO,776
156719,COMMO_CURVE_FO,777
156720,COMMO_CURVE_FO,778
156721,COMMO_CURVE_FO,779
156722,COMMO_CURVE_FO,780
156723,COMMO_CURVE_FO,781
156724,COMMO_CURVE_FO,782
156725,COMMO_CURVE_FO,783
156726,COMMO_CURVE_FO,784
156727,COMMO_CURVE_FO,785
156728,COMMO_CURVE_FO,786
156729,COMMO_CURVE_FO,787
156730,COMMO_CURVE_FO,788
156731,COMMO_CURVE_FO,789
156732,COMMO_CURVE_FO,790
156733,COMMO_CURVE_FO,791
156734,COMMO_CURVE_FO,792
156735,COMMO_CURVE_FO,793
156736,COMMO_CURVE_FO,794
156737,COMMO_CURVE_FO,795
156738,COMMO_CURVE_FO,796
156739,COMMO_CURVE_FO,797
156740,COMMO_CURVE_FO,798
156741,COMMO_CURVE_FO,799
156742,COMMO_CURVE_FO,800
156743,COMMO_CURVE_FO,801
156744,COMMO_CURVE_FO,802
156745,COMMO_CURVE_FO,803
156746,COMMO_CURVE_FO,804
156747,COMMO_CURVE_FO,805
156748,COMMO_CURVE_FO,806
156749,COMMO_CURVE_FO,807
156750,COMMO_CURVE_FO,808
156751,COMMO_CURVE_FO,809
156752,COMMO_CURVE_FO,810
156753,COMMO_CURVE_FO,811
156754,COMMO_CURVE_FO,812
156755,COMMO_CURVE_FO,813
156756,COMMO_CURVE_FO,814
207054,FXRATE,815
207069,FXRATE,816
207125,FXRATE,817
207131,FXRATE,818
207174,FXRATE,819
207209,FXRATE,820
207246,FXRATE,821
207259,FXRATE,822
207269,FXRATE,823
207301,FXRATE,824
207310,FXRATE,825
207405,FXRATE,826
207423,FXRATE,827
207429,FXRATE,828
207440,FXRATE,829
207504,FXRATE,830
207534,FXRATE,831
207540,FXRATE,832
207545,FXRATE,833
207552,FXRATE,834
207559,FXRATE,835
207573,FXRATE,836
207635,FXRATE,837
207650,FXRATE,838
207659,FXRATE,839
207667,FXRATE,840
207668,FXRATE,841
207674,FXRATE,842
207678,FXRATE,843
207684,FXRATE,844
207688,FXRATE,845
207748,FXRATE,846
207767,FXRATE,847
207856,FXRATE,848
207866,FXRATE,849
207932,FXRATE,850
207960,FXRATE,851
207971,FXRATE,852
207973,FXRATE,853
207981,FXRATE,854
208026,FXRATE,855
208106,FXRATE,856
208267,FXRATE,857
208280,FXRATE,858
208284,FXRATE,859
208315,FXRATE,860
208326,FXRATE,861
208352,FXRATE,862
208363,FXRATE,863
208371,FXRATE,864
208372,FXRATE,865
208373,FXRATE,866
208376,FXRATE,867
208378,FXRATE,868
208433,FXRATE,869
208449,FXRATE,870
208508,FXRATE,871
208602,FXRATE,872
208612,FXRATE,873
208622,FXRATE,874
208632,FXRATE,875
208642,FXRATE,876
208758,FXRATE,877
208762,FXRATE,878
208768,FXRATE,879
208922,FXRATE,880
208934,FXRATE,881
208936,FXRATE,882
208954,FXRATE,883
208981,FXRATE,884
209073,FXRATE,885
209096,FXRATE,886
209102,FXRATE,887
209114,FXRATE,888
209118,FXRATE,889
209131,FXRATE,890
209133,FXRATE,891
209134,FXRATE,892
209136,FXRATE,893
209173,FXRATE,894
209180,FXRATE,895
209190,FXRATE,896
209210,FXRATE,897
209351,FXRATE,898
209367,FXRATE,899
209385,FXRATE,900
209421,FXRATE,901
209434,FXRATE,902
209443,FXRATE,903
209447,FXRATE,904
209472,FXRATE,905
209478,FXRATE,906
209493,FXRATE,907
209499,FXRATE,908
209505,FXRATE,909
209531,FXRATE,910
209532,FXRATE,911
209659,FXRATE,912
209691,FXRATE,913
209693,FXRATE,914
209695,FXRATE,915
209749,FXRATE,916
209759,FXRATE,917
209768,FXRATE,918
209858,FXRATE,919
209896,FXRATE,920
209910,FXRATE,921
209951,FXRATE,922
209954,FXRATE,923
209956,FXRATE,924
209992,FXRATE,925
210925,STOCK,926
210930,STOCK,927
210948,STOCK,928
210952,STOCK,929
210956,STOCK,930
210957,STOCK,931
210962,STOCK,932
210966,STOCK,933
210970,STOCK,934
210974,STOCK,935
210989,STOCK,936
210993,STOCK,937
211003,STOCK,938
211008,STOCK,939
211021,STOCK,940
211026,STOCK,941
211032,STOCK,942
211039,STOCK,943
211055,STOCK,944
211060,STOCK,945
211069,STOCK,946
211085,STOCK,947
211089,STOCK,948
211093,STOCK,949
211097,STOCK,950
211111,STOCK,951
211116,STOCK,952
211123,STOCK,953
211136,STOCK,954
211141,STOCK,955
211147,STOCK,956
211150,STOCK,957
211154,STOCK,958
211161,STOCK,959
211166,STOCK,960
211171,STOCK,961
211181,STOCK,962
211195,STOCK,963
211202,STOCK,964
211206,STOCK,965
211210,STOCK,966
211214,STOCK,967
211220,STOCK,968
211223,STOCK,969
211248,STOCK,970
211255,STOCK,971
211260,STOCK,972
211264,STOCK,973
211273,STOCK,974
211282,STOCK,975
211292,STOCK,976
211298,STOCK,977
211305,STOCK,978
211310,STOCK,979
211315,STOCK,980
211321,STOCK,981
211331,STOCK,982
211344,STOCK,983
211356,STOCK,984
211361,STOCK,985
211368,STOCK,986
211377,STOCK,987
211382,STOCK,988
211387,STOCK,989
211404,STOCK,990
211418,STOCK,991
211449,STOCK,992
211465,STOCK,993
211472,STOCK,994
211480,STOCK,995
211485,STOCK,996
211491,STOCK,997
211497,STOCK,998
211523,STOCK,999
211528,STOCK,1000
211544,STOCK,1001
211549,STOCK,1002
211554,STOCK,1003
211557,STOCK,1004
211562,STOCK,1005
211577,STOCK,1006
211586,STOCK,1007
211596,STOCK,1008
211607,STOCK,1009
211612,STOCK,1010
211617,STOCK,1011
211626,STOCK,1012
211658,STOCK,1013
211675,STOCK,1014
211684,STOCK,1015
211699,STOCK,1016
211759,STOCK,1017
211764,STOCK,1018
211772,STOCK,1019
211780,STOCK,1020
211788,STOCK,1021
211806,STOCK,1022
211821,STOCK,1023
211832,STOCK,1024
211838,STOCK,1025
211860,STOCK,1026
211872,STOCK,1027
211898,STOCK,1028
212338,STOCK,1029
212343,STOCK,1030
212347,STOCK,1031
212541,STOCK,1032
212547,STOCK,1033
212594,STOCK,1034
212610,STOCK,1035
212663,STOCK,1036
212694,STOCK,1037
212726,STOCK,1038
212735,STOCK,1039
212748,STOCK,1040
212751,STOCK,1041
212756,STOCK,1042
212761,STOCK,1043
212771,STOCK,1044
212778,STOCK,1045
212780,STOCK,1046
212793,STOCK,1047
212801,STOCK,1048
212822,STOCK,1049
212833,STOCK,1050
212837,STOCK,1051
212847,STOCK,1052
212861,STOCK,1053
212869,STOCK,1054
212892,STOCK,1055
212896,STOCK,1056
212914,STOCK,1057
212921,STOCK,1058
212924,STOCK,1059
212933,STOCK,1060
212937,STOCK,1061
212944,STOCK,1062
212959,STOCK,1063
212972,STOCK,1064
213028,STOCK,1065
213035,STOCK,1066
213082,STOCK,1067
213166,STOCK,1068
213182,STOCK,1069
213212,STOCK,1070
213218,STOCK,1071
213232,STOCK,1072
213288,STOCK,1073
213328,STOCK,1074
213359,STOCK,1075
213375,STOCK,1076
213380,STOCK,1077
213391,STOCK,1078
213397,STOCK,1079
213406,STOCK,1080
213422,STOCK,1081
213428,STOCK,1082
213457,STOCK,1083
213474,STOCK,1084
213498,STOCK,1085
213529,STOCK,1086
213532,STOCK,1087
213574,STOCK,1088
213578,STOCK,1089
213954,STOCK,1090
213985,STOCK,1091
213997,STOCK,1092
214007,STOCK,1093
214014,STOCK,1094
214132,STOCK,1095
214176,STOCK,1096
214179,STOCK,1097
214182,STOCK,1098
214185,STOCK,1099
214193,STOCK,1100
214237,STOCK,1101
214241,STOCK,1102
214256,STOCK,1103
214262,STOCK,1104
215033,STOCK,1105
215158,STOCK,1106
215512,STOCK,1107
215748,STOCK,1108
215754,STOCK,1109
215778,STOCK,1110
215782,STOCK,1111
215881,STOCK,1112
215882,STOCK,1113
215902,STOCK,1114
215920,STOCK,1115
215946,STOCK,1116
215986,STOCK,1117
215992,STOCK,1118
216108,STOCK,1119
216164,STOCK,1120
216176,STOCK,1121
216188,STOCK,1122
216192,STOCK,1123
216214,STOCK,1124
216220,STOCK,1125
216236,STOCK,1126
216255,STOCK,1127
216280,STOCK,1128
216400,STOCK,1129
216406,STOCK,1130
216435,STOCK,1131
216448,STOCK,1132
216456,STOCK,1133
216461,STOCK,1134
216484,STOCK,1135
216494,STOCK,1136
216499,STOCK,1137
216517,STOCK,1138
216541,STOCK,1139
216551,STOCK,1140
216593,STOCK,1141
216656,STOCK,1142
216664,STOCK,1143
217103,STOCK,1144
217106,STOCK,1145
217309,STOCK,1146
217312,STOCK,1147
217316,STOCK,1148
217321,STOCK,1149
217810,STOCK,1150
217872,STOCK,1151
217906,STOCK,1152
217935,STOCK,1153
218033,STOCK,1154
218106,STOCK,1155
218132,STOCK,1156
218206,STOCK,1157
218220,STOCK,1158
218240,STOCK,1159
218248,STOCK,1160
218252,STOCK,1161
218354,STOCK,1162
218441,STOCK,1163
218469,STOCK,1164
218596,STOCK,1165
218609,STOCK,1166
218622,STOCK,1167
219358,STOCK,1168
219627,STOCK,1169
219874,STOCK,1170
220158,STOCK,1171
221721,STOCK,1172
221734,STOCK,1173
221901,STOCK,1174
221923,STOCK,1175
221933,STOCK,1176
222361,STOCK,1177
222568,STOCK,1178
222607,STOCK,1179
222616,STOCK,1180
222657,STOCK,1181
222665,STOCK,1182
222666,STOCK,1183
222791,STOCK,1184
222798,STOCK,1185
222918,STOCK,1186
222963,STOCK,1187
222968,STOCK,1188
222974,STOCK,1189
223099,STOCK,1190
223171,STOCK,1191
223181,STOCK,1192
223185,STOCK,1193
223510,STOCK,1194
223534,STOCK,1195
223537,STOCK,1196
223613,STOCK,1197
223616,STOCK,1198
223619,STOCK,1199
223626,STOCK,1200
223692,STOCK,1201
223706,STOCK,1202
223710,STOCK,1203
223879,STOCK,1204
223882,STOCK,1205
224186,STOCK,1206
224209,STOCK,1207
224215,STOCK,1208
224218,STOCK,1209
224221,STOCK,1210
224299,STOCK,1211
224340,STOCK,1212
224343,STOCK,1213
224473,STOCK,1214
224597,STOCK,1215
224600,STOCK,1216
224614,STOCK,1217
224617,STOCK,1218
224650,STOCK,1219
224654,STOCK,1220
224657,STOCK,1221
224816,STOCK,1222
224905,STOCK,1223
224910,STOCK,1224
224913,STOCK,1225
224966,STOCK,1226
225067,STOCK,1227
225070,STOCK,1228
225073,STOCK,1229
225124,STOCK,1230
225127,STOCK,1231
225134,STOCK,1232
225218,STOCK,1233
225223,STOCK,1234
225226,STOCK,1235
225229,STOCK,1236
225232,STOCK,1237
225809,STOCK,1238
226169,STOCK,1239
229639,STOCK,1240
234362,STOCK,1241
235342,STOCK,1242
235506,STOCK,1243
238105,STOCK,1244
238507,STOCK,1245
238510,STOCK,1246
238838,STOCK,1247
238927,STOCK,1248
238930,STOCK,1249
242730,STOCK,1250
247572,STOCK,1251
247703,STOCK,1252
617898,YIELD_CURVE,1253
617934,YIELD_CURVE,1254
617945,YIELD_CURVE,1255
617954,YIELD_CURVE,1256
617976,YIELD_CURVE,1257
618009,YIELD_CURVE,1258
618022,YIELD_CURVE,1259
618308,YIELD_CURVE,1260
618390,YIELD_CURVE,1261
618681,YIELD_CURVE,1262
618904,YIELD_CURVE,1263
619055,YIELD_CURVE,1264
619137,YIELD_CURVE,1265
619140,YIELD_CURVE,1266
619143,YIELD_CURVE,1267
619319,YIELD_CURVE,1268
619392,YIELD_CURVE,1269
619407,YIELD_CURVE,1270
619410,YIELD_CURVE,1271
619513,YIELD_CURVE,1272
619589,YIELD_CURVE,1273
619592,YIELD_CURVE,1274
619596,YIELD_CURVE,1275
619617,YIELD_CURVE,1276
619696,YIELD_CURVE,1277
619753,YIELD_CURVE,1278
619771,YIELD_CURVE,1279
619807,YIELD_CURVE,1280
619810,YIELD_CURVE,1281
619813,YIELD_CURVE,1282
619841,YIELD_CURVE,1283
619889,YIELD_CURVE,1284
619900,YIELD_CURVE,1285
619950,YIELD_CURVE,1286
619953,YIELD_CURVE,1287
619959,YIELD_CURVE,1288
619962,YIELD_CURVE,1289
619965,YIELD_CURVE,1290
619968,YIELD_CURVE,1291
619971,YIELD_CURVE,1292
620008,YIELD_CURVE,1293
620068,YIELD_CURVE,1294
620091,YIELD_CURVE,1295
620174,YIELD_CURVE,1296
620211,YIELD_CURVE,1297
620251,YIELD_CURVE,1298
620282,YIELD_CURVE,1299
620361,YIELD_CURVE,1300
620371,YIELD_CURVE,1301
620385,YIELD_CURVE,1302
620392,YIELD_CURVE,1303
620488,YIELD_CURVE,1304
620493,YIELD_CURVE,1305
620498,YIELD_CURVE,1306
620503,YIELD_CURVE,1307
620531,YIELD_CURVE,1308
620564,YIELD_CURVE,1309
620633,YIELD_CURVE,1310
620640,YIELD_CURVE,1311
620651,YIELD_CURVE,1312
620732,YIELD_CURVE,1313
620735,YIELD_CURVE,1314
620755,YIELD_CURVE,1315
620762,YIELD_CURVE,1316
620776,YIELD_CURVE,1317
620791,YIELD_CURVE,1318
620796,YIELD_CURVE,1319
620801,YIELD_CURVE,1320
620821,YIELD_CURVE,1321
620827,YIELD_CURVE,1322
620832,YIELD_CURVE,1323
620837,YIELD_CURVE,1324
620842,YIELD_CURVE,1325
620874,YIELD_CURVE,1326
620989,YIELD_CURVE,1327
621016,YIELD_CURVE,1328
621032,YIELD_CURVE,1329
621054,YIELD_CURVE,1330
621188,YIELD_CURVE,1331
621208,YIELD_CURVE,1332
621318,YIELD_CURVE,1333
621331,YIELD_CURVE,1334
621461,YIELD_CURVE,1335
621525,YIELD_CURVE,1336
621592,YIELD_CURVE,1337
621598,YIELD_CURVE,1338
621604,YIELD_CURVE,1339
621619,YIELD_CURVE,1340
621637,YIELD_CURVE,1341
621657,YIELD_CURVE,1342
621705,YIELD_CURVE,1343
621717,YIELD_CURVE,1344
621770,YIELD_CURVE,1345
621774,YIELD_CURVE,1346
621802,YIELD_CURVE,1347
621847,YIELD_CURVE,1348
621853,YIELD_CURVE,1349
621928,YIELD_CURVE,1350
621948,YIELD_CURVE,1351
621961,YIELD_CURVE,1352
621970,YIELD_CURVE,1353
621982,YIELD_CURVE,1354
621993,YIELD_CURVE,1355
622025,YIELD_CURVE,1356
622031,YIELD_CURVE,1357
622143,YIELD_CURVE,1358
622152,YIELD_CURVE,1359
622174,YIELD_CURVE,1360
622183,YIELD_CURVE,1361
622246,YIELD_CURVE,1362
622293,YIELD_CURVE,1363
622517,YIELD_CURVE,1364
622533,YIELD_CURVE,1365
622539,YIELD_CURVE,1366
622706,YIELD_CURVE,1367
622711,YIELD_CURVE,1368
622717,YIELD_CURVE,1369
622738,YIELD_CURVE,1370
622781,YIELD_CURVE,1371
622825,YIELD_CURVE,1372
622967,YIELD_CURVE,1373
622972,YIELD_CURVE,1374
622988,YIELD_CURVE,1375
622994,YIELD_CURVE,1376
623001,YIELD_CURVE,1377
623013,YIELD_CURVE,1378
623040,YIELD_CURVE,1379
623164,YIELD_CURVE,1380
623173,YIELD_CURVE,1381
623191,YIELD_CURVE,1382
623202,YIELD_CURVE,1383
623214,YIELD_CURVE,1384
623220,YIELD_CURVE,1385
623235,YIELD_CURVE,1386
623247,YIELD_CURVE,1387
623252,YIELD_CURVE,1388
623288,YIELD_CURVE,1389
623315,YIELD_CURVE,1390
623330,YIELD_CURVE,1391
623433,YIELD_CURVE,1392
623450,YIELD_CURVE,1393
623488,YIELD_CURVE,1394
623516,YIELD_CURVE,1395
623521,YIELD_CURVE,1396
623528,YIELD_CURVE,1397
623535,YIELD_CURVE,1398
623541,YIELD_CURVE,1399
623587,YIELD_CURVE,1400
623592,YIELD_CURVE,1401
623597,YIELD_CURVE,1402
623607,YIELD_CURVE,1403
623721,YIELD_CURVE,1404
623728,YIELD_CURVE,1405
623732,YIELD_CURVE,1406
623741,YIELD_CURVE,1407
623745,YIELD_CURVE,1408
623750,YIELD_CURVE,1409
623796,YIELD_CURVE,1410
623801,YIELD_CURVE,1411
623871,YIELD_CURVE,1412
623876,YIELD_CURVE,1413
623926,YIELD_CURVE,1414
623962,YIELD_CURVE,1415
624013,YIELD_CURVE,1416
624048,YIELD_CURVE,1417
624053,YIELD_CURVE,1418
624058,YIELD_CURVE,1419
624063,YIELD_CURVE,1420
624086,YIELD_CURVE,1421
624157,YIELD_CURVE,1422
624267,YIELD_CURVE,1423
624285,YIELD_CURVE,1424
624301,YIELD_CURVE,1425
624307,YIELD_CURVE,1426
624329,YIELD_CURVE,1427
624336,YIELD_CURVE,1428
624346,YIELD_CURVE,1429
624362,YIELD_CURVE,1430
624368,YIELD_CURVE,1431
624473,YIELD_CURVE,1432
624485,YIELD_CURVE,1433
624497,YIELD_CURVE,1434
624616,YIELD_CURVE,1435
624624,YIELD_CURVE,1436
624779,YIELD_CURVE,1437
625052,YIELD_CURVE,1438
634795,YIELD_CURVE,1439
634798,YIELD_CURVE,1440
634913,YIELD_CURVE,1441
634916,YIELD_CURVE,1442
634919,YIELD_CURVE,1443
634922,YIELD_CURVE,1444
635152,YIELD_CURVE,1445
635290,YIELD_CURVE,1446
635293,YIELD_CURVE,1447
635296,YIELD_CURVE,1448
635341,YIELD_CURVE,1449
635467,YIELD_CURVE,1450
635894,YIELD_CURVE,1451
640577,YIELD_CURVE,1452
640823,YIELD_CURVE,1453
640955,YIELD_CURVE,1454
641084,YIELD_CURVE,1455
641087,YIELD_CURVE,1456
641466,YIELD_CURVE,1457
642093,YIELD_CURVE,1458
642142,YIELD_CURVE,1459
642335,YIELD_CURVE,1460
642850,YIELD_CURVE,1461
643567,YIELD_CURVE,1462
644207,YIELD_CURVE,1463
644775,YIELD_CURVE,1464
644853,YIELD_CURVE,1465
644861,YIELD_CURVE,1466
644953,YIELD_CURVE,1467
645152,YIELD_CURVE,1468
645362,YIELD_CURVE,1469
645368,YIELD_CURVE,1470
645522,YIELD_CURVE,1471
645564,YIELD_CURVE,1472
645724,YIELD_CURVE,1473
645778,YIELD_CURVE,1474
645822,YIELD_CURVE,1475
645842,YIELD_CURVE,1476
645845,YIELD_CURVE,1477
645894,YIELD_CURVE,1478
645904,YIELD_CURVE,1479
645938,YIELD_CURVE,1480
646004,YIELD_CURVE,1481
646057,YIELD_CURVE,1482
646062,YIELD_CURVE,1483
646088,YIELD_CURVE,1484
646106,YIELD_CURVE,1485
646202,YIELD_CURVE,1486
646205,YIELD_CURVE,1487
646208,YIELD_CURVE,1488
646231,YIELD_CURVE,1489
646251,YIELD_CURVE,1490
646278,YIELD_CURVE,1491
646287,YIELD_CURVE,1492
646535,YIELD_CURVE,1493
646540,YIELD_CURVE,1494
646545,YIELD_CURVE,1495
646597,YIELD_CURVE,1496
646614,YIELD_CURVE,1497
646629,YIELD_CURVE,1498
646908,YIELD_CURVE,1499
647051,YIELD_CURVE,1500
647342,YIELD_CURVE,1501
647347,YIELD_CURVE,1502
647609,YIELD_CURVE,1503
